,Error order 1,Error order 2
0,0.008003858062875957,0.00032126106279248366
1,0.003921690811767409,8.039231172567206e-05
2,0.0019407560032270732,2.010675320620486e-05
3,0.0009653523377394224,5.027712728988246e-06
4,0.00048141936498447,1.2570524792529362e-06
5,0.0002403954346746895,3.142784220809471e-07
6,0.00012011914962983816,7.857150353389084e-08
7,6.0039932175404154e-05,1.9643112252018026e-08
8,3.0015055339172036e-05,4.9108075959686476e-09
9,1.5006299971531689e-05,1.2277057436552277e-09
