,Error order 1,Error order 2
0,0.13783508120537835,0.008901325076087374
1,0.07113534187793658,0.0022328612627962874
2,0.03612485150239042,0.000559250067976011
3,0.018202106534096263,0.0001399442510869528
4,0.009136022842901603,3.5002549690004575e-05
5,0.004576760001112401,8.752695183402923e-06
6,0.002290567917467179,2.1884306807230455e-06
7,0.001145831034318423,5.471397555279443e-07
8,0.0005730522980895714,1.3678894740412444e-07
9,0.0002865603457804511,3.41977380366584e-08
