,Error order 1,Error order 2
0,0.013090737191169044,0.00010849226976207896
1,0.006572543401947684,2.707132851787787e-05
2,0.0032930460524775995,6.761312755181222e-06
3,0.0016482141725870925,1.689510029297906e-06
4,0.0008245295662727692,4.2227503542599694e-07
5,0.00041237036471653,1.0555593756760105e-07
6,0.00020621157294620218,2.638738084661434e-08
7,0.00010311238351867758,6.5966448468230635e-09
8,5.155784094590388e-05,1.649135858322365e-09
9,2.5779332760045293e-05,4.1228083580690253e-10
