,Error order 1,Error order 2
0,2.021698771894409,4.440892098500626e-16
1,1.0108493859472043,0.0
2,0.5054246929736022,0.0
3,0.25271234648680085,2.220446049250313e-16
4,0.12635617324340043,1.1102230246251565e-16
5,0.06317808662170021,5.551115123125783e-17
6,0.031589043310849885,2.498001805406602e-16
7,0.015794521655425386,3.191891195797325e-16
8,0.007897260827712582,4.85722573273506e-17
9,0.003948630413856513,2.463307335887066e-16
