,Error order 1,Error order 2
0,0.013988941802661303,0.0017852844042536911
1,0.007439892604297338,0.0004472204991601593
2,0.0038316590682370144,0.00011189748349173419
3,0.0019437936249497856,2.7984650914588717e-05
4,0.0009788917695242594,6.997368407927768e-06
5,0.0004911950811197219,1.7494878463716976e-06
6,0.00024603489461394457,4.3738986910222145e-07
7,0.00012312679255521708,1.093496863063142e-07
8,6.159073342293375e-05,2.7337697827944625e-08
9,3.0802201101520765e-05,6.834458860083118e-09
