,Error order 1,Error order 2
0,0.008892195688681603,0.00010933657511050243
1,0.004473376151217678,2.7389980678374504e-05
2,0.0022435286422375356,6.854423710490887e-06
3,0.0011234770642030156,1.7144687709975959e-06
4,0.0005621670416413593,4.2872484564727975e-07
5,0.0002811906885886728,1.0719465483050722e-07
6,0.00014062214127896766,2.6800342783992598e-08
7,7.031777051569321e-05,6.700295182614571e-09
8,3.516056030505865e-05,1.67510037926092e-09
9,1.75806989251015e-05,4.187776174555298e-10
